{"1.0": 0.002860076028167813, "2.0": 9.839711106081925e-06, "3.0": 0.0013349208067251145, "4.0": 0.0013250810956190325, "6.0": 9.839711106081925e-06, "7.0": 0.004175317412680763, "8.0": 0.003955563864644934, "9.0": 0.00045262671087976854, "10.0": 0.0006822199700216801, "11.0": 0.0032471046650070353, "12.0": 0.0020597795248731496, "13.0": 0.00492313545674299, "14.0": 0.0016858705028420366, "15.0": 0.0022795330729089795, "16.0": 0.0013349208067251145, "17.0": 3.6078940722300394e-05, "18.0": 0.00044606690347571396, "19.0": 0.0005510238219405878, "20.0": 6.887797774257348e-05, "21.0": 0.0003804688294351678, "22.0": 0.000882294095845346, "23.0": 0.0010889280290730665, "24.0": 0.001958102510110303, "25.0": 0.0048083388271720345, "26.0": 0.2086477941007652, "27.0": 6.559807404054617e-06, "28.0": 6.559807404054617e-06, "29.0": 0.0022795330729089795, "30.0": 0.003699731375886804, "31.0": 0.0016727508880339274, "32.0": 6.887797774257348e-05, "33.0": 9.839711106081925e-06, "34.0": 9.839711106081925e-06, "35.0": 0.00019679422212163852, "36.0": 0.00013447605178311964, "37.0": 0.00040670805905138627, "38.0": 2.2959325914191158e-05, "39.0": 2.623922961621847e-05, "40.0": 4.263874812635501e-05, "41.0": 3.2799037020273086e-06, "42.0": 0.000350949696116922, "43.0": 3.2799037020273086e-06, "44.0": 0.00025583248875813005, "45.0": 0.00013119614808109235, "46.0": 5.247845923243694e-05, "47.0": 0.00016727508880339274, "48.0": 6.231817033851887e-05, "49.0": 3.93588444243277e-05, "50.0": 6.559807404054617e-06, "51.0": 2.623922961621847e-05, "52.0": 0.002794477954127267, "53.0": 9.183730365676463e-05, "54.0": 0.00028535162207637586, "55.0": 0.003391420427896237, "56.0": 0.00016727508880339274, "57.0": 1.3119614808109234e-05, "58.0": 2.623922961621847e-05, "59.0": 0.000350949696116922, "60.0": 0.00132836099932106, "61.0": 0.001531715028846753, "62.0": 1.3119614808109234e-05, "63.0": 5.903826663649155e-05, "64.0": 0.00021975354803582966, "65.0": 0.00014759566659122887, "66.0": 4.5918651828382316e-05, "67.0": 9.839711106081925e-06, "68.0": 9.839711106081925e-06, "69.0": 1.3119614808109234e-05, "70.0": 1.3119614808109234e-05, "71.0": 1.6399518510136543e-05, "73.0": 3.6078940722300394e-05, "74.0": 3.2799037020273086e-06, "75.0": 3.2799037020273086e-06, "76.0": 9.839711106081925e-06, "78.0": 6.559807404054617e-05, "79.0": 1.6399518510136543e-05, "80.0": 3.2799037020273087e-05, "81.0": 2.9519133318245776e-05, "82.0": 9.839711106081925e-06, "83.0": 6.559807404054617e-06, "84.0": 3.2799037020273086e-06, "86.0": 0.00012463634067703773, "87.0": 2.2959325914191158e-05, "88.0": 0.00010823682216690118, "89.0": 4.263874812635501e-05, "90.0": 7.54377851466281e-05, "91.0": 0.0004165477701574682, "92.0": 6.231817033851887e-05, "93.0": 7.87176888486554e-05, "94.0": 0.0001180765332729831, "95.0": 2.623922961621847e-05, "96.0": 2.9519133318245776e-05, "97.0": 2.9519133318245776e-05, "98.0": 4.919855553040963e-05, "99.0": 1.6399518510136543e-05, "100.0": 2.623922961621847e-05, "101.0": 1.6399518510136543e-05, "102.0": 3.2799037020273086e-06, "103.0": 0.0002000741258236658, "104.0": 1.3119614808109234e-05, "105.0": 6.559807404054617e-06, "106.0": 0.00013447605178311964, "107.0": 0.00012791624437906503, "108.0": 9.183730365676463e-05, "109.0": 0.00047886594049598706, "110.0": 2.2959325914191158e-05, "111.0": 0.00018367460731352926, "112.0": 3.2799037020273086e-06, "113.0": 0.00027223200726826663, "114.0": 5.903826663649155e-05, "115.0": 9.839711106081925e-06, "116.0": 0.0004034281553493589, "117.0": 1.967942221216385e-05, "118.0": 3.93588444243277e-05, "119.0": 0.0002787918146723212, "120.0": 0.0020040211619386855, "121.0": 0.00017055499250542003, "122.0": 0.026196590868092114, "123.0": 3.2799037020273086e-06, "124.0": 0.19408830156746598, "125.0": 0.002699360746768475, "126.0": 9.839711106081925e-06, "127.0": 0.0002984712368844851, "128.0": 0.0003804688294351678, "129.0": 0.00012791624437906503, "130.0": 4.919855553040963e-05, "131.0": 0.0003181506590966489, "132.0": 0.0001574353776973108, "133.0": 0.00020991383692974775, "134.0": 3.2799037020273087e-05, "135.0": 0.00025911239246015734, "136.0": 0.0004919855553040962, "137.0": 2.2959325914191158e-05, "138.0": 0.00032799037020273084, "139.0": 0.0003903085405412497, "140.0": 0.00029191142948043044, "143.0": 3.2799037020273086e-06, "144.0": 3.2799037020273086e-06, "145.0": 0.00044606690347571396, "146.0": 4.919855553040963e-05, "147.0": 0.0004657463256878778, "148.0": 0.0001935143184196112, "150.0": 0.0008232558292088544, "151.0": 0.010207060320708984, "152.0": 0.3538458510858121, "153.0": 0.001551394451058917, "154.0": 0.015809135843771627, "155.0": 0.0032799037020273085, "156.0": 0.02774798531915103, "157.0": 0.0176196426872907, "158.0": 0.0012890021548967322, "159.0": 0.00014103585918717425, "160.0": 0.05725071911888667, "163.0": 0.007520819188748618}