{"1.0": 0.002817437280041458, "2.0": 6.559807404054617e-06, "3.0": 0.001361160036341333, "4.0": 0.0013873992659575514, "6.0": 9.839711106081925e-06, "7.0": 0.004257315005231447, "8.0": 0.004024441842387507, "9.0": 0.0004329472886676047, "10.0": 0.0006887797774257348, "11.0": 0.003201186013178653, "12.0": 0.002043380006363013, "13.0": 0.004890336419722717, "14.0": 0.0015907532954832445, "15.0": 0.0024074493172880442, "16.0": 0.00132836099932106, "17.0": 3.93588444243277e-05, "18.0": 0.00041326786645544086, "19.0": 0.0005903826663649155, "20.0": 6.559807404054617e-05, "21.0": 0.0003870286368392224, "22.0": 0.0009183730365676464, "23.0": 0.0010987677401791483, "24.0": 0.0020105809693427403, "25.0": 0.0047919393086618975, "26.0": 0.20896922466356388, "27.0": 9.839711106081925e-06, "28.0": 9.839711106081925e-06, "29.0": 0.002190975672954242, "30.0": 0.0037259706055030226, "31.0": 0.0016629111769278454, "32.0": 5.5758362934464244e-05, "33.0": 9.839711106081925e-06, "34.0": 6.559807404054617e-06, "35.0": 0.00020335402952569313, "36.0": 0.00014103585918717425, "37.0": 0.0003837487331371951, "38.0": 1.6399518510136543e-05, "39.0": 2.623922961621847e-05, "40.0": 3.2799037020273087e-05, "41.0": 3.2799037020273086e-06, "42.0": 0.000350949696116922, "43.0": 3.2799037020273086e-06, "44.0": 0.0002623922961621847, "45.0": 0.00013775595548514696, "46.0": 4.263874812635501e-05, "47.0": 0.00016071528139933813, "48.0": 5.5758362934464244e-05, "49.0": 4.5918651828382316e-05, "50.0": 3.2799037020273086e-06, "51.0": 2.9519133318245776e-05, "52.0": 0.0028010377615313217, "53.0": 9.183730365676463e-05, "54.0": 0.00024927268135407546, "55.0": 0.003296303220537445, "56.0": 0.00017383489620744735, "57.0": 1.3119614808109234e-05, "58.0": 2.9519133318245776e-05, "59.0": 0.00032143056279867625, "60.0": 0.0013218011919170053, "61.0": 0.0015776336806751353, "62.0": 1.3119614808109234e-05, "63.0": 5.903826663649155e-05, "64.0": 0.0002295932591419116, "65.0": 0.00013775595548514696, "66.0": 5.5758362934464244e-05, "67.0": 1.3119614808109234e-05, "68.0": 9.839711106081925e-06, "69.0": 1.967942221216385e-05, "70.0": 1.3119614808109234e-05, "71.0": 9.839711106081925e-06, "73.0": 3.93588444243277e-05, "74.0": 6.559807404054617e-06, "75.0": 3.2799037020273086e-06, "76.0": 6.559807404054617e-06, "78.0": 6.231817033851887e-05, "79.0": 1.3119614808109234e-05, "80.0": 3.6078940722300394e-05, "81.0": 4.263874812635501e-05, "82.0": 1.3119614808109234e-05, "83.0": 9.839711106081925e-06, "84.0": 3.2799037020273086e-06, "86.0": 0.00012463634067703773, "87.0": 1.967942221216385e-05, "88.0": 8.855739995473732e-05, "89.0": 4.263874812635501e-05, "90.0": 5.903826663649155e-05, "91.0": 0.0004263874812635501, "92.0": 6.559807404054617e-05, "93.0": 6.559807404054617e-05, "94.0": 0.0001180765332729831, "95.0": 2.623922961621847e-05, "96.0": 4.263874812635501e-05, "97.0": 3.93588444243277e-05, "98.0": 5.247845923243694e-05, "99.0": 1.967942221216385e-05, "100.0": 1.967942221216385e-05, "101.0": 1.6399518510136543e-05, "102.0": 9.839711106081925e-06, "103.0": 0.00018695451101555658, "104.0": 1.6399518510136543e-05, "105.0": 6.559807404054617e-06, "106.0": 0.00013119614808109235, "107.0": 0.00014759566659122887, "108.0": 9.839711106081926e-05, "109.0": 0.0004559066145817959, "110.0": 2.9519133318245776e-05, "111.0": 0.00018695451101555658, "112.0": 6.559807404054617e-06, "113.0": 0.0002623922961621847, "114.0": 6.559807404054617e-05, "115.0": 1.3119614808109234e-05, "116.0": 0.0004034281553493589, "117.0": 1.967942221216385e-05, "118.0": 4.919855553040963e-05, "119.0": 0.0002689521035662393, "120.0": 0.0019712221249184123, "121.0": 0.00016727508880339274, "122.0": 0.02622283009770833, "123.0": 3.2799037020273086e-06, "124.0": 0.1942719761747795, "125.0": 0.002722320072682666, "126.0": 1.3119614808109234e-05, "127.0": 0.0002787918146723212, "128.0": 0.0003870286368392224, "129.0": 0.00012463634067703773, "130.0": 4.5918651828382316e-05, "131.0": 0.00032143056279867625, "132.0": 0.00016399518510136542, "133.0": 0.00020663393322772043, "134.0": 2.623922961621847e-05, "135.0": 0.0002820717183743485, "136.0": 0.00048542574790004164, "137.0": 1.3119614808109234e-05, "138.0": 0.00032471046650070354, "139.0": 0.000350949696116922, "140.0": 0.00027223200726826663, "143.0": 3.2799037020273086e-06, "145.0": 0.0004723061330919324, "146.0": 3.93588444243277e-05, "147.0": 0.0004723061330919324, "148.0": 0.00020335402952569313, "149.0": 3.2799037020273086e-06, "150.0": 0.0007871768884865541, "151.0": 0.010105383305946137, "152.0": 0.35346210235267495, "153.0": 0.00158419348807919, "154.0": 0.015746817673433108, "155.0": 0.0031552673613502707, "156.0": 0.02799069819310105, "157.0": 0.017567164228058263, "158.0": 0.0012922820585987596, "159.0": 0.00014103585918717425, "160.0": 0.057217920081866394, "163.0": 0.0075404986109607825}