{"0.0": 0.08616504854368932, "1.0": 0.11728395061728394, "2.0": 0.07005200367084735, "3.0": 0.12972753151687677, "4.0": 0.1573816155988858, "5.0": 0.10337972166998012, "6.0": 0.06808169803764517, "7.0": 0.1341743119266055, "8.0": 0.09582100591715977, "9.0": 0.08439490445859872, "10.0": 0.06067610517191563, "11.0": 0.11148421759570182, "12.0": 0.09838646202282567, "13.0": 0.09305896805896806, "14.0": 0.08795309168443496, "15.0": 0.07136141406543814, "16.0": 0.0638036809815951, "17.0": 0.07064439140811456, "18.0": 0.13309265944645007, "19.0": 0.1711273317112733, "20.0": 0.1135626216742375, "21.0": 0.06912712360867018, "22.0": 0.06515580736543909, "23.0": 0.14451612903225808, "24.0": 0.1440329218106996, "25.0": 0.041982802225594334, "26.0": 0.07380607814761216, "27.0": 0.06942003514938488, "28.0": 0.1863768047671762, "29.0": 0.1238288745908116, "30.0": 0.07417974322396577, "31.0": 0.09768637532133675, "32.0": 0.08545135845749342, "33.0": 0.09960873818063254, "34.0": 0.0744047619047619, "35.0": 0.1270668583752696, "36.0": 0.07796272585004979, "37.0": 0.07762349191896198, "38.0": 0.1949569495694957, "39.0": 0.12486515641855447, "40.0": 0.11701081612586037, "41.0": 0.12361006889965209, "42.0": 0.07676348547717843, "43.0": 0.09248014946286783, "44.0": 0.044585987261146494, "45.0": 0.10850111856823266, "46.0": 0.10371399696816574, "47.0": 0.08830866456011974, "48.0": 0.0997319034852547, "49.0": 0.0739972337482711, "50.0": 0.0646827348745696, "51.0": 0.1724137931034483, "52.0": 0.12556053811659193}