{"0.0": 0.08477722772277228, "1.0": 0.11264080100125157, "2.0": 0.07192928985065529, "3.0": 0.12530088258892752, "4.0": 0.1646977067407922, "5.0": 0.11100292112950341, "6.0": 0.06914468425259793, "7.0": 0.13101604278074866, "8.0": 0.09642725598526704, "9.0": 0.08488278092158448, "10.0": 0.057290174735032943, "11.0": 0.1117861482381531, "12.0": 0.09409020217729394, "13.0": 0.09006499535747446, "14.0": 0.09088471849865952, "15.0": 0.07210501640881388, "16.0": 0.0662842574888464, "17.0": 0.06762589928057554, "18.0": 0.13437195715676728, "19.0": 0.1657370517928287, "20.0": 0.11548387096774193, "21.0": 0.07209847596717468, "22.0": 0.06244087038789026, "23.0": 0.1445859872611465, "24.0": 0.14389610389610388, "25.0": 0.043434343434343436, "26.0": 0.0755082284607938, "27.0": 0.07433945364979848, "28.0": 0.1869469676494436, "29.0": 0.12430594900849859, "30.0": 0.07441908076568737, "31.0": 0.1032258064516129, "32.0": 0.08750563824988723, "33.0": 0.09986837775584073, "34.0": 0.07966616084977238, "35.0": 0.12319743635392558, "36.0": 0.07931970844647707, "37.0": 0.07937956204379562, "38.0": 0.1853211009174312, "39.0": 0.12537232602220416, "40.0": 0.12, "41.0": 0.11925287356321838, "42.0": 0.07051282051282051, "43.0": 0.09320843091334895, "44.0": 0.04153846153846154, "45.0": 0.10969615728328865, "46.0": 0.10338310338310339, "47.0": 0.08855654511846749, "48.0": 0.10093959731543624, "49.0": 0.0740242261103634, "50.0": 0.06226925916810239, "51.0": 0.15753424657534246, "52.0": 0.13270142180094788}