{"0.0": 0.08400247066090179, "1.0": 0.10259579728059333, "2.0": 0.06876349059512797, "3.0": 0.12864864864864864, "4.0": 0.15873015873015872, "5.0": 0.11683168316831684, "6.0": 0.06840648477659154, "7.0": 0.12827324478178367, "8.0": 0.09595959595959595, "9.0": 0.08051529790660225, "10.0": 0.05956834532374101, "11.0": 0.11530113944655453, "12.0": 0.0996078431372549, "13.0": 0.08881271424119663, "14.0": 0.08818770226537216, "15.0": 0.07165634965297317, "16.0": 0.06574827802128992, "17.0": 0.07163461538461538, "18.0": 0.13506994693680657, "19.0": 0.16084484159220147, "20.0": 0.10740013097576949, "21.0": 0.06867969212551805, "22.0": 0.06116504854368932, "23.0": 0.15443522654754308, "24.0": 0.14227434982151962, "25.0": 0.04235176880916791, "26.0": 0.0673828125, "27.0": 0.07607253427686864, "28.0": 0.18746029131468103, "29.0": 0.12434247341913822, "30.0": 0.07363153594771242, "31.0": 0.10077021822849808, "32.0": 0.08786231884057971, "33.0": 0.10040749796251018, "34.0": 0.07703814510097233, "35.0": 0.1224563953488372, "36.0": 0.08391909338688854, "37.0": 0.07994579945799458, "38.0": 0.1881918819188192, "39.0": 0.12600106780565937, "40.0": 0.11493123772102161, "41.0": 0.1203924507733188, "42.0": 0.06976744186046512, "43.0": 0.09361900326036329, "44.0": 0.04225352112676056, "45.0": 0.10558035714285714, "46.0": 0.10044052863436123, "47.0": 0.0885030343897505, "48.0": 0.1, "49.0": 0.07538035961272475, "50.0": 0.06555784873133422, "51.0": 0.17266187050359713, "52.0": 0.1267605633802817}