{"0.0": 0.08317815021725636, "1.0": 0.11851851851851852, "2.0": 0.07167235494880546, "3.0": 0.12567567567567567, "4.0": 0.15843621399176955, "5.0": 0.11571841851494696, "6.0": 0.0689996045867932, "7.0": 0.13179190751445086, "8.0": 0.09696567488847103, "9.0": 0.08203902827558741, "10.0": 0.05884049610614364, "11.0": 0.11123124746587376, "12.0": 0.0989010989010989, "13.0": 0.08759811616954474, "14.0": 0.0915398985855351, "15.0": 0.07144189516881179, "16.0": 0.062150403977625855, "17.0": 0.07135969141755062, "18.0": 0.12709192335677905, "19.0": 0.1725554642563681, "20.0": 0.12214239059438275, "21.0": 0.06832844574780059, "22.0": 0.05747126436781609, "23.0": 0.1580952380952381, "24.0": 0.14241325737959606, "25.0": 0.03624627606752731, "26.0": 0.07221425155428025, "27.0": 0.07271925958572058, "28.0": 0.18579260688486787, "29.0": 0.12294528259401036, "30.0": 0.07389111865802202, "31.0": 0.10266159695817491, "32.0": 0.08503100088573959, "33.0": 0.09879948085658663, "34.0": 0.07727272727272727, "35.0": 0.12468331523706117, "36.0": 0.08178228990411732, "37.0": 0.076409666283084, "38.0": 0.18680641183723798, "39.0": 0.12413055109684323, "40.0": 0.11815561959654179, "41.0": 0.12174867888271224, "42.0": 0.0824524312896406, "43.0": 0.09299065420560748, "44.0": 0.04251968503937008, "45.0": 0.11076233183856503, "46.0": 0.10362236526568219, "47.0": 0.08711801451966909, "48.0": 0.10078357200756552, "49.0": 0.0759493670886076, "50.0": 0.06523061944748691, "51.0": 0.14, "52.0": 0.12560386473429952}