{"0.0": 0.07692307692307693, "1.0": 0.115527950310559, "2.0": 0.07028852056476366, "3.0": 0.1279870392871608, "4.0": 0.1603317208016586, "5.0": 0.11764705882352941, "6.0": 0.07022080763875074, "7.0": 0.1314176245210728, "8.0": 0.09681692732290709, "9.0": 0.08454106280193237, "10.0": 0.05509085664839919, "11.0": 0.11267221388623654, "12.0": 0.09667318982387475, "13.0": 0.08845671267252196, "14.0": 0.09024979854955681, "15.0": 0.07112656205956967, "16.0": 0.06674984404242046, "17.0": 0.0659444182760245, "18.0": 0.13060148574167266, "19.0": 0.1566068515497553, "20.0": 0.11783644558918223, "21.0": 0.07377049180327869, "22.0": 0.0667302192564347, "23.0": 0.15281329923273657, "24.0": 0.13678756476683937, "25.0": 0.04108910891089109, "26.0": 0.07341650671785029, "27.0": 0.07438752783964366, "28.0": 0.18678100077634271, "29.0": 0.1240826464942983, "30.0": 0.07430691538699372, "31.0": 0.09658725048293625, "32.0": 0.08325912733748887, "33.0": 0.09950980392156862, "34.0": 0.07488653555219364, "35.0": 0.12688984881209503, "36.0": 0.07944191343963554, "37.0": 0.0788000895455563, "38.0": 0.19818181818181818, "39.0": 0.1245221190606226, "40.0": 0.11406096361848574, "41.0": 0.12144420131291028, "42.0": 0.07478632478632478, "43.0": 0.09627182633317603, "44.0": 0.03592814371257485, "45.0": 0.10963160230803373, "46.0": 0.101300997852722, "47.0": 0.08941176470588236, "48.0": 0.10225442834138486, "49.0": 0.07665745856353591, "50.0": 0.06438339586106741, "51.0": 0.1724137931034483, "52.0": 0.12272727272727273}